insert into locale (id, bcp47_tag) values (157, 'af-ZA'); 
insert into locale (id, bcp47_tag) values (161, 'ar-AE'); 
insert into locale (id, bcp47_tag) values (165, 'ar-BH'); 
insert into locale (id, bcp47_tag) values (169, 'ar-DZ'); 
insert into locale (id, bcp47_tag) values (173, 'ar-EG'); 
insert into locale (id, bcp47_tag) values (177, 'ar-IQ'); 
insert into locale (id, bcp47_tag) values (181, 'ar-JO'); 
insert into locale (id, bcp47_tag) values (185, 'ar-KW'); 
insert into locale (id, bcp47_tag) values (189, 'ar-LB'); 
insert into locale (id, bcp47_tag) values (193, 'ar-LY'); 
insert into locale (id, bcp47_tag) values (197, 'ar-MA'); 
insert into locale (id, bcp47_tag) values (201, 'ar-OM'); 
insert into locale (id, bcp47_tag) values (205, 'ar-QA'); 
insert into locale (id, bcp47_tag) values (209, 'ar-SA'); 
insert into locale (id, bcp47_tag) values (213, 'ar-SY'); 
insert into locale (id, bcp47_tag) values (217, 'ar-TN'); 
insert into locale (id, bcp47_tag) values (221, 'ar-YE'); 
insert into locale (id, bcp47_tag) values (225, 'az-AZ'); 
insert into locale (id, bcp47_tag) values (1, 'be-BY'); 
insert into locale (id, bcp47_tag) values (237, 'bg-BG'); 
insert into locale (id, bcp47_tag) values (801, 'bn-IN');
insert into locale (id, bcp47_tag) values (241, 'bs-BA'); 
insert into locale (id, bcp47_tag) values (245, 'ca-ES'); 
insert into locale (id, bcp47_tag) values (249, 'cs-CZ'); 
insert into locale (id, bcp47_tag) values (253, 'cy-GB'); 
insert into locale (id, bcp47_tag) values (9, 'da-DK'); 
insert into locale (id, bcp47_tag) values (261, 'de-AT'); 
insert into locale (id, bcp47_tag) values (265, 'de-CH'); 
insert into locale (id, bcp47_tag) values (17, 'de-DE'); 
insert into locale (id, bcp47_tag) values (273, 'de-LI'); 
insert into locale (id, bcp47_tag) values (277, 'de-LU'); 
insert into locale (id, bcp47_tag) values (281, 'dv-MV'); 
insert into locale (id, bcp47_tag) values (285, 'el-GR'); 
insert into locale (id, bcp47_tag) values (21, 'en'); 
insert into locale (id, bcp47_tag) values (33, 'en-AU'); 
insert into locale (id, bcp47_tag) values (297, 'en-BZ'); 
insert into locale (id, bcp47_tag) values (29, 'en-CA'); 
insert into locale (id, bcp47_tag) values (305, 'en-CB'); 
insert into locale (id, bcp47_tag) values (25, 'en-GB'); 
insert into locale (id, bcp47_tag) values (313, 'en-IE'); 
insert into locale (id, bcp47_tag) values (317, 'en-JM'); 
insert into locale (id, bcp47_tag) values (321, 'en-NZ'); 
insert into locale (id, bcp47_tag) values (325, 'en-PH'); 
insert into locale (id, bcp47_tag) values (329, 'en-TT'); 
insert into locale (id, bcp47_tag) values (333, 'en-US'); 
insert into locale (id, bcp47_tag) values (337, 'en-ZA'); 
insert into locale (id, bcp47_tag) values (341, 'en-ZW'); 
insert into locale (id, bcp47_tag) values (797, 'es-419');
insert into locale (id, bcp47_tag) values (345, 'es-AR'); 
insert into locale (id, bcp47_tag) values (349, 'es-BO'); 
insert into locale (id, bcp47_tag) values (353, 'es-CL'); 
insert into locale (id, bcp47_tag) values (357, 'es-CO'); 
insert into locale (id, bcp47_tag) values (361, 'es-CR'); 
insert into locale (id, bcp47_tag) values (365, 'es-DO'); 
insert into locale (id, bcp47_tag) values (369, 'es-EC'); 
insert into locale (id, bcp47_tag) values (41, 'es-ES'); 
insert into locale (id, bcp47_tag) values (381, 'es-GT'); 
insert into locale (id, bcp47_tag) values (385, 'es-HN'); 
insert into locale (id, bcp47_tag) values (389, 'es-MX'); 
insert into locale (id, bcp47_tag) values (393, 'es-NI'); 
insert into locale (id, bcp47_tag) values (397, 'es-PA'); 
insert into locale (id, bcp47_tag) values (401, 'es-PE'); 
insert into locale (id, bcp47_tag) values (405, 'es-PR'); 
insert into locale (id, bcp47_tag) values (409, 'es-PY'); 
insert into locale (id, bcp47_tag) values (413, 'es-SV'); 
insert into locale (id, bcp47_tag) values (417, 'es-UY'); 
insert into locale (id, bcp47_tag) values (421, 'es-VE'); 
insert into locale (id, bcp47_tag) values (425, 'et-EE'); 
insert into locale (id, bcp47_tag) values (429, 'eu-ES'); 
insert into locale (id, bcp47_tag) values (433, 'fa-IR'); 
insert into locale (id, bcp47_tag) values (49, 'fi-FI'); 
insert into locale (id, bcp47_tag) values (441, 'fo-FO'); 
insert into locale (id, bcp47_tag) values (445, 'fr-BE'); 
insert into locale (id, bcp47_tag) values (61, 'fr-CA'); 
insert into locale (id, bcp47_tag) values (453, 'fr-CH'); 
insert into locale (id, bcp47_tag) values (57, 'fr-FR'); 
insert into locale (id, bcp47_tag) values (461, 'fr-LU'); 
insert into locale (id, bcp47_tag) values (465, 'fr-MC'); 
insert into locale (id, bcp47_tag) values (469, 'gl-ES'); 
insert into locale (id, bcp47_tag) values (473, 'gu-IN'); 
insert into locale (id, bcp47_tag) values (477, 'he-IL'); 
insert into locale (id, bcp47_tag) values (481, 'hi-IN'); 
insert into locale (id, bcp47_tag) values (485, 'hr-BA'); 
insert into locale (id, bcp47_tag) values (489, 'hr-HR'); 
insert into locale (id, bcp47_tag) values (493, 'hu-HU'); 
insert into locale (id, bcp47_tag) values (497, 'hy-AM'); 
insert into locale (id, bcp47_tag) values (501, 'id-ID'); 
insert into locale (id, bcp47_tag) values (505, 'is-IS'); 
insert into locale (id, bcp47_tag) values (509, 'it-CH'); 
insert into locale (id, bcp47_tag) values (69, 'it-IT'); 
insert into locale (id, bcp47_tag) values (77, 'ja-JP'); 
insert into locale (id, bcp47_tag) values (521, 'ka-GE'); 
insert into locale (id, bcp47_tag) values (525, 'kk-KZ'); 
insert into locale (id, bcp47_tag) values (529, 'kn-IN'); 
insert into locale (id, bcp47_tag) values (85, 'ko-KR'); 
insert into locale (id, bcp47_tag) values (537, 'kok-IN'); 
insert into locale (id, bcp47_tag) values (541, 'ky-KG'); 
insert into locale (id, bcp47_tag) values (545, 'lt-LT'); 
insert into locale (id, bcp47_tag) values (549, 'lv-LV'); 
insert into locale (id, bcp47_tag) values (553, 'mi-NZ'); 
insert into locale (id, bcp47_tag) values (557, 'mk-MK'); 
insert into locale (id, bcp47_tag) values (561, 'mn-MN'); 
insert into locale (id, bcp47_tag) values (565, 'mr-IN'); 
insert into locale (id, bcp47_tag) values (569, 'ms-BN'); 
insert into locale (id, bcp47_tag) values (573, 'ms-MY'); 
insert into locale (id, bcp47_tag) values (577, 'mt-MT'); 
insert into locale (id, bcp47_tag) values (93, 'nb-NO'); 
insert into locale (id, bcp47_tag) values (585, 'nl-BE'); 
insert into locale (id, bcp47_tag) values (101, 'nl-NL'); 
insert into locale (id, bcp47_tag) values (593, 'nn-NO'); 
insert into locale (id, bcp47_tag) values (597, 'ns-ZA'); 
insert into locale (id, bcp47_tag) values (802, 'ny-MW'); 
insert into locale (id, bcp47_tag) values (601, 'pa-IN'); 
insert into locale (id, bcp47_tag) values (117, 'pl-PL'); 
insert into locale (id, bcp47_tag) values (609, 'ps-AR'); 
insert into locale (id, bcp47_tag) values (109, 'pt-BR'); 
insert into locale (id, bcp47_tag) values (617, 'pt-PT'); 
insert into locale (id, bcp47_tag) values (621, 'qu-BO'); 
insert into locale (id, bcp47_tag) values (625, 'qu-EC'); 
insert into locale (id, bcp47_tag) values (629, 'qu-PE'); 
insert into locale (id, bcp47_tag) values (633, 'ro-RO'); 
insert into locale (id, bcp47_tag) values (125, 'ru-RU'); 
insert into locale (id, bcp47_tag) values (641, 'sa-IN'); 
insert into locale (id, bcp47_tag) values (645, 'se-FI'); 
insert into locale (id, bcp47_tag) values (657, 'se-NO'); 
insert into locale (id, bcp47_tag) values (669, 'se-SE'); 
insert into locale (id, bcp47_tag) values (681, 'sk-SK'); 
insert into locale (id, bcp47_tag) values (685, 'sl-SI'); 
insert into locale (id, bcp47_tag) values (689, 'sq-AL'); 
insert into locale (id, bcp47_tag) values (693, 'sr-BA'); 
insert into locale (id, bcp47_tag) values (701, 'sr-SP'); 
insert into locale (id, bcp47_tag) values (709, 'sv-FI'); 
insert into locale (id, bcp47_tag) values (133, 'sv-SE'); 
insert into locale (id, bcp47_tag) values (717, 'sw-KE'); 
insert into locale (id, bcp47_tag) values (721, 'syr-SY'); 
insert into locale (id, bcp47_tag) values (725, 'ta-IN'); 
insert into locale (id, bcp47_tag) values (729, 'te-IN'); 
insert into locale (id, bcp47_tag) values (733, 'th-TH'); 
insert into locale (id, bcp47_tag) values (737, 'tl-PH'); 
insert into locale (id, bcp47_tag) values (741, 'tn-ZA'); 
insert into locale (id, bcp47_tag) values (141, 'tr-TR'); 
insert into locale (id, bcp47_tag) values (749, 'tt-RU'); 
insert into locale (id, bcp47_tag) values (753, 'uk-UA'); 
insert into locale (id, bcp47_tag) values (757, 'ur-PK'); 
insert into locale (id, bcp47_tag) values (761, 'uz-UZ'); 
insert into locale (id, bcp47_tag) values (765, 'vi-VN'); 
insert into locale (id, bcp47_tag) values (769, 'xh-ZA'); 
insert into locale (id, bcp47_tag) values (149, 'zh-CN'); 
insert into locale (id, bcp47_tag) values (777, 'zh-HK'); 
insert into locale (id, bcp47_tag) values (781, 'zh-MO'); 
insert into locale (id, bcp47_tag) values (785, 'zh-SG'); 
insert into locale (id, bcp47_tag) values (153, 'zh-TW'); 
insert into locale (id, bcp47_tag) values (793, 'zu-ZA'); 


insert into plural_form (id, name) values (1, 'one');
insert into plural_form (id, name) values (2, 'two');
insert into plural_form (id, name) values (3, 'few');
insert into plural_form (id, name) values (4, 'many');
insert into plural_form (id, name) values (5, 'other'); 
insert into plural_form (id, name) values (6, 'zero');



insert into plural_form_for_locale (locale_id, plural_form_id) values (1, 1);
insert into plural_form_for_locale (locale_id, plural_form_id) values (9, 1);
insert into plural_form_for_locale (locale_id, plural_form_id) values (17, 1);
insert into plural_form_for_locale (locale_id, plural_form_id) values (21, 1);
insert into plural_form_for_locale (locale_id, plural_form_id) values (25, 1);
insert into plural_form_for_locale (locale_id, plural_form_id) values (29, 1);
insert into plural_form_for_locale (locale_id, plural_form_id) values (33, 1);
insert into plural_form_for_locale (locale_id, plural_form_id) values (41, 1);
insert into plural_form_for_locale (locale_id, plural_form_id) values (49, 1);
insert into plural_form_for_locale (locale_id, plural_form_id) values (57, 1);
insert into plural_form_for_locale (locale_id, plural_form_id) values (61, 1);
insert into plural_form_for_locale (locale_id, plural_form_id) values (69, 1);
insert into plural_form_for_locale (locale_id, plural_form_id) values (93, 1);
insert into plural_form_for_locale (locale_id, plural_form_id) values (101, 1);
insert into plural_form_for_locale (locale_id, plural_form_id) values (109, 1);
insert into plural_form_for_locale (locale_id, plural_form_id) values (117, 1);
insert into plural_form_for_locale (locale_id, plural_form_id) values (125, 1);
insert into plural_form_for_locale (locale_id, plural_form_id) values (133, 1);
insert into plural_form_for_locale (locale_id, plural_form_id) values (141, 1);
insert into plural_form_for_locale (locale_id, plural_form_id) values (157, 1);
insert into plural_form_for_locale (locale_id, plural_form_id) values (161, 1);
insert into plural_form_for_locale (locale_id, plural_form_id) values (165, 1);
insert into plural_form_for_locale (locale_id, plural_form_id) values (169, 1);
insert into plural_form_for_locale (locale_id, plural_form_id) values (173, 1);
insert into plural_form_for_locale (locale_id, plural_form_id) values (177, 1);
insert into plural_form_for_locale (locale_id, plural_form_id) values (181, 1);
insert into plural_form_for_locale (locale_id, plural_form_id) values (185, 1);
insert into plural_form_for_locale (locale_id, plural_form_id) values (189, 1);
insert into plural_form_for_locale (locale_id, plural_form_id) values (193, 1);
insert into plural_form_for_locale (locale_id, plural_form_id) values (197, 1);
insert into plural_form_for_locale (locale_id, plural_form_id) values (201, 1);
insert into plural_form_for_locale (locale_id, plural_form_id) values (205, 1);
insert into plural_form_for_locale (locale_id, plural_form_id) values (209, 1);
insert into plural_form_for_locale (locale_id, plural_form_id) values (213, 1);
insert into plural_form_for_locale (locale_id, plural_form_id) values (217, 1);
insert into plural_form_for_locale (locale_id, plural_form_id) values (221, 1);
insert into plural_form_for_locale (locale_id, plural_form_id) values (225, 1);
insert into plural_form_for_locale (locale_id, plural_form_id) values (237, 1);
insert into plural_form_for_locale (locale_id, plural_form_id) values (241, 1);
insert into plural_form_for_locale (locale_id, plural_form_id) values (245, 1);
insert into plural_form_for_locale (locale_id, plural_form_id) values (249, 1);
insert into plural_form_for_locale (locale_id, plural_form_id) values (253, 1);
insert into plural_form_for_locale (locale_id, plural_form_id) values (261, 1);
insert into plural_form_for_locale (locale_id, plural_form_id) values (265, 1);
insert into plural_form_for_locale (locale_id, plural_form_id) values (273, 1);
insert into plural_form_for_locale (locale_id, plural_form_id) values (277, 1);
insert into plural_form_for_locale (locale_id, plural_form_id) values (281, 1);
insert into plural_form_for_locale (locale_id, plural_form_id) values (285, 1);
insert into plural_form_for_locale (locale_id, plural_form_id) values (297, 1);
insert into plural_form_for_locale (locale_id, plural_form_id) values (305, 1);
insert into plural_form_for_locale (locale_id, plural_form_id) values (313, 1);
insert into plural_form_for_locale (locale_id, plural_form_id) values (317, 1);
insert into plural_form_for_locale (locale_id, plural_form_id) values (321, 1);
insert into plural_form_for_locale (locale_id, plural_form_id) values (325, 1);
insert into plural_form_for_locale (locale_id, plural_form_id) values (329, 1);
insert into plural_form_for_locale (locale_id, plural_form_id) values (333, 1);
insert into plural_form_for_locale (locale_id, plural_form_id) values (337, 1);
insert into plural_form_for_locale (locale_id, plural_form_id) values (341, 1);
insert into plural_form_for_locale (locale_id, plural_form_id) values (345, 1);
insert into plural_form_for_locale (locale_id, plural_form_id) values (349, 1);
insert into plural_form_for_locale (locale_id, plural_form_id) values (353, 1);
insert into plural_form_for_locale (locale_id, plural_form_id) values (357, 1);
insert into plural_form_for_locale (locale_id, plural_form_id) values (361, 1);
insert into plural_form_for_locale (locale_id, plural_form_id) values (365, 1);
insert into plural_form_for_locale (locale_id, plural_form_id) values (369, 1);
insert into plural_form_for_locale (locale_id, plural_form_id) values (381, 1);
insert into plural_form_for_locale (locale_id, plural_form_id) values (385, 1);
insert into plural_form_for_locale (locale_id, plural_form_id) values (389, 1);
insert into plural_form_for_locale (locale_id, plural_form_id) values (393, 1);
insert into plural_form_for_locale (locale_id, plural_form_id) values (397, 1);
insert into plural_form_for_locale (locale_id, plural_form_id) values (401, 1);
insert into plural_form_for_locale (locale_id, plural_form_id) values (405, 1);
insert into plural_form_for_locale (locale_id, plural_form_id) values (409, 1);
insert into plural_form_for_locale (locale_id, plural_form_id) values (413, 1);
insert into plural_form_for_locale (locale_id, plural_form_id) values (417, 1);
insert into plural_form_for_locale (locale_id, plural_form_id) values (421, 1);
insert into plural_form_for_locale (locale_id, plural_form_id) values (425, 1);
insert into plural_form_for_locale (locale_id, plural_form_id) values (429, 1);
insert into plural_form_for_locale (locale_id, plural_form_id) values (433, 1);
insert into plural_form_for_locale (locale_id, plural_form_id) values (441, 1);
insert into plural_form_for_locale (locale_id, plural_form_id) values (445, 1);
insert into plural_form_for_locale (locale_id, plural_form_id) values (453, 1);
insert into plural_form_for_locale (locale_id, plural_form_id) values (461, 1);
insert into plural_form_for_locale (locale_id, plural_form_id) values (465, 1);
insert into plural_form_for_locale (locale_id, plural_form_id) values (469, 1);
insert into plural_form_for_locale (locale_id, plural_form_id) values (473, 1);
insert into plural_form_for_locale (locale_id, plural_form_id) values (477, 1);
insert into plural_form_for_locale (locale_id, plural_form_id) values (481, 1);
insert into plural_form_for_locale (locale_id, plural_form_id) values (485, 1);
insert into plural_form_for_locale (locale_id, plural_form_id) values (489, 1);
insert into plural_form_for_locale (locale_id, plural_form_id) values (493, 1);
insert into plural_form_for_locale (locale_id, plural_form_id) values (497, 1);
insert into plural_form_for_locale (locale_id, plural_form_id) values (505, 1);
insert into plural_form_for_locale (locale_id, plural_form_id) values (509, 1);
insert into plural_form_for_locale (locale_id, plural_form_id) values (521, 1);
insert into plural_form_for_locale (locale_id, plural_form_id) values (525, 1);
insert into plural_form_for_locale (locale_id, plural_form_id) values (529, 1);
insert into plural_form_for_locale (locale_id, plural_form_id) values (541, 1);
insert into plural_form_for_locale (locale_id, plural_form_id) values (545, 1);
insert into plural_form_for_locale (locale_id, plural_form_id) values (549, 1);
insert into plural_form_for_locale (locale_id, plural_form_id) values (557, 1);
insert into plural_form_for_locale (locale_id, plural_form_id) values (561, 1);
insert into plural_form_for_locale (locale_id, plural_form_id) values (565, 1);
insert into plural_form_for_locale (locale_id, plural_form_id) values (577, 1);
insert into plural_form_for_locale (locale_id, plural_form_id) values (585, 1);
insert into plural_form_for_locale (locale_id, plural_form_id) values (593, 1);
insert into plural_form_for_locale (locale_id, plural_form_id) values (601, 1);
insert into plural_form_for_locale (locale_id, plural_form_id) values (609, 1);
insert into plural_form_for_locale (locale_id, plural_form_id) values (617, 1);
insert into plural_form_for_locale (locale_id, plural_form_id) values (633, 1);
insert into plural_form_for_locale (locale_id, plural_form_id) values (645, 1);
insert into plural_form_for_locale (locale_id, plural_form_id) values (657, 1);
insert into plural_form_for_locale (locale_id, plural_form_id) values (669, 1);
insert into plural_form_for_locale (locale_id, plural_form_id) values (681, 1);
insert into plural_form_for_locale (locale_id, plural_form_id) values (685, 1);
insert into plural_form_for_locale (locale_id, plural_form_id) values (689, 1);
insert into plural_form_for_locale (locale_id, plural_form_id) values (693, 1);
insert into plural_form_for_locale (locale_id, plural_form_id) values (701, 1);
insert into plural_form_for_locale (locale_id, plural_form_id) values (709, 1);
insert into plural_form_for_locale (locale_id, plural_form_id) values (717, 1);
insert into plural_form_for_locale (locale_id, plural_form_id) values (721, 1);
insert into plural_form_for_locale (locale_id, plural_form_id) values (725, 1);
insert into plural_form_for_locale (locale_id, plural_form_id) values (729, 1);
insert into plural_form_for_locale (locale_id, plural_form_id) values (737, 1);
insert into plural_form_for_locale (locale_id, plural_form_id) values (741, 1);
insert into plural_form_for_locale (locale_id, plural_form_id) values (753, 1);
insert into plural_form_for_locale (locale_id, plural_form_id) values (757, 1);
insert into plural_form_for_locale (locale_id, plural_form_id) values (761, 1);
insert into plural_form_for_locale (locale_id, plural_form_id) values (769, 1);
insert into plural_form_for_locale (locale_id, plural_form_id) values (793, 1);
insert into plural_form_for_locale (locale_id, plural_form_id) values (161, 2);
insert into plural_form_for_locale (locale_id, plural_form_id) values (165, 2);
insert into plural_form_for_locale (locale_id, plural_form_id) values (169, 2);
insert into plural_form_for_locale (locale_id, plural_form_id) values (173, 2);
insert into plural_form_for_locale (locale_id, plural_form_id) values (177, 2);
insert into plural_form_for_locale (locale_id, plural_form_id) values (181, 2);
insert into plural_form_for_locale (locale_id, plural_form_id) values (185, 2);
insert into plural_form_for_locale (locale_id, plural_form_id) values (189, 2);
insert into plural_form_for_locale (locale_id, plural_form_id) values (193, 2);
insert into plural_form_for_locale (locale_id, plural_form_id) values (197, 2);
insert into plural_form_for_locale (locale_id, plural_form_id) values (201, 2);
insert into plural_form_for_locale (locale_id, plural_form_id) values (205, 2);
insert into plural_form_for_locale (locale_id, plural_form_id) values (209, 2);
insert into plural_form_for_locale (locale_id, plural_form_id) values (213, 2);
insert into plural_form_for_locale (locale_id, plural_form_id) values (217, 2);
insert into plural_form_for_locale (locale_id, plural_form_id) values (221, 2);
insert into plural_form_for_locale (locale_id, plural_form_id) values (253, 2);
insert into plural_form_for_locale (locale_id, plural_form_id) values (477, 2);
insert into plural_form_for_locale (locale_id, plural_form_id) values (645, 2);
insert into plural_form_for_locale (locale_id, plural_form_id) values (657, 2);
insert into plural_form_for_locale (locale_id, plural_form_id) values (669, 2);
insert into plural_form_for_locale (locale_id, plural_form_id) values (685, 2);
insert into plural_form_for_locale (locale_id, plural_form_id) values (1, 3);
insert into plural_form_for_locale (locale_id, plural_form_id) values (117, 3);
insert into plural_form_for_locale (locale_id, plural_form_id) values (125, 3);
insert into plural_form_for_locale (locale_id, plural_form_id) values (161, 3);
insert into plural_form_for_locale (locale_id, plural_form_id) values (165, 3);
insert into plural_form_for_locale (locale_id, plural_form_id) values (169, 3);
insert into plural_form_for_locale (locale_id, plural_form_id) values (173, 3);
insert into plural_form_for_locale (locale_id, plural_form_id) values (177, 3);
insert into plural_form_for_locale (locale_id, plural_form_id) values (181, 3);
insert into plural_form_for_locale (locale_id, plural_form_id) values (185, 3);
insert into plural_form_for_locale (locale_id, plural_form_id) values (189, 3);
insert into plural_form_for_locale (locale_id, plural_form_id) values (193, 3);
insert into plural_form_for_locale (locale_id, plural_form_id) values (197, 3);
insert into plural_form_for_locale (locale_id, plural_form_id) values (201, 3);
insert into plural_form_for_locale (locale_id, plural_form_id) values (205, 3);
insert into plural_form_for_locale (locale_id, plural_form_id) values (209, 3);
insert into plural_form_for_locale (locale_id, plural_form_id) values (213, 3);
insert into plural_form_for_locale (locale_id, plural_form_id) values (217, 3);
insert into plural_form_for_locale (locale_id, plural_form_id) values (221, 3);
insert into plural_form_for_locale (locale_id, plural_form_id) values (241, 3);
insert into plural_form_for_locale (locale_id, plural_form_id) values (249, 3);
insert into plural_form_for_locale (locale_id, plural_form_id) values (253, 3);
insert into plural_form_for_locale (locale_id, plural_form_id) values (485, 3);
insert into plural_form_for_locale (locale_id, plural_form_id) values (489, 3);
insert into plural_form_for_locale (locale_id, plural_form_id) values (545, 3);
insert into plural_form_for_locale (locale_id, plural_form_id) values (577, 3);
insert into plural_form_for_locale (locale_id, plural_form_id) values (633, 3);
insert into plural_form_for_locale (locale_id, plural_form_id) values (681, 3);
insert into plural_form_for_locale (locale_id, plural_form_id) values (685, 3);
insert into plural_form_for_locale (locale_id, plural_form_id) values (693, 3);
insert into plural_form_for_locale (locale_id, plural_form_id) values (701, 3);
insert into plural_form_for_locale (locale_id, plural_form_id) values (753, 3);
insert into plural_form_for_locale (locale_id, plural_form_id) values (1, 4);
insert into plural_form_for_locale (locale_id, plural_form_id) values (117, 4);
insert into plural_form_for_locale (locale_id, plural_form_id) values (125, 4);
insert into plural_form_for_locale (locale_id, plural_form_id) values (161, 4);
insert into plural_form_for_locale (locale_id, plural_form_id) values (165, 4);
insert into plural_form_for_locale (locale_id, plural_form_id) values (169, 4);
insert into plural_form_for_locale (locale_id, plural_form_id) values (173, 4);
insert into plural_form_for_locale (locale_id, plural_form_id) values (177, 4);
insert into plural_form_for_locale (locale_id, plural_form_id) values (181, 4);
insert into plural_form_for_locale (locale_id, plural_form_id) values (185, 4);
insert into plural_form_for_locale (locale_id, plural_form_id) values (189, 4);
insert into plural_form_for_locale (locale_id, plural_form_id) values (193, 4);
insert into plural_form_for_locale (locale_id, plural_form_id) values (197, 4);
insert into plural_form_for_locale (locale_id, plural_form_id) values (201, 4);
insert into plural_form_for_locale (locale_id, plural_form_id) values (205, 4);
insert into plural_form_for_locale (locale_id, plural_form_id) values (209, 4);
insert into plural_form_for_locale (locale_id, plural_form_id) values (213, 4);
insert into plural_form_for_locale (locale_id, plural_form_id) values (217, 4);
insert into plural_form_for_locale (locale_id, plural_form_id) values (221, 4);
insert into plural_form_for_locale (locale_id, plural_form_id) values (249, 4);
insert into plural_form_for_locale (locale_id, plural_form_id) values (253, 4);
insert into plural_form_for_locale (locale_id, plural_form_id) values (477, 4);
insert into plural_form_for_locale (locale_id, plural_form_id) values (545, 4);
insert into plural_form_for_locale (locale_id, plural_form_id) values (577, 4);
insert into plural_form_for_locale (locale_id, plural_form_id) values (681, 4);
insert into plural_form_for_locale (locale_id, plural_form_id) values (753, 4);
insert into plural_form_for_locale (locale_id, plural_form_id) values (1, 5);
insert into plural_form_for_locale (locale_id, plural_form_id) values (9, 5);
insert into plural_form_for_locale (locale_id, plural_form_id) values (17, 5);
insert into plural_form_for_locale (locale_id, plural_form_id) values (21, 5);
insert into plural_form_for_locale (locale_id, plural_form_id) values (25, 5);
insert into plural_form_for_locale (locale_id, plural_form_id) values (29, 5);
insert into plural_form_for_locale (locale_id, plural_form_id) values (33, 5);
insert into plural_form_for_locale (locale_id, plural_form_id) values (41, 5);
insert into plural_form_for_locale (locale_id, plural_form_id) values (49, 5);
insert into plural_form_for_locale (locale_id, plural_form_id) values (57, 5);
insert into plural_form_for_locale (locale_id, plural_form_id) values (61, 5);
insert into plural_form_for_locale (locale_id, plural_form_id) values (69, 5);
insert into plural_form_for_locale (locale_id, plural_form_id) values (77, 5);
insert into plural_form_for_locale (locale_id, plural_form_id) values (85, 5);
insert into plural_form_for_locale (locale_id, plural_form_id) values (93, 5);
insert into plural_form_for_locale (locale_id, plural_form_id) values (101, 5);
insert into plural_form_for_locale (locale_id, plural_form_id) values (109, 5);
insert into plural_form_for_locale (locale_id, plural_form_id) values (117, 5);
insert into plural_form_for_locale (locale_id, plural_form_id) values (125, 5);
insert into plural_form_for_locale (locale_id, plural_form_id) values (133, 5);
insert into plural_form_for_locale (locale_id, plural_form_id) values (141, 5);
insert into plural_form_for_locale (locale_id, plural_form_id) values (149, 5);
insert into plural_form_for_locale (locale_id, plural_form_id) values (153, 5);
insert into plural_form_for_locale (locale_id, plural_form_id) values (157, 5);
insert into plural_form_for_locale (locale_id, plural_form_id) values (161, 5);
insert into plural_form_for_locale (locale_id, plural_form_id) values (165, 5);
insert into plural_form_for_locale (locale_id, plural_form_id) values (169, 5);
insert into plural_form_for_locale (locale_id, plural_form_id) values (173, 5);
insert into plural_form_for_locale (locale_id, plural_form_id) values (177, 5);
insert into plural_form_for_locale (locale_id, plural_form_id) values (181, 5);
insert into plural_form_for_locale (locale_id, plural_form_id) values (185, 5);
insert into plural_form_for_locale (locale_id, plural_form_id) values (189, 5);
insert into plural_form_for_locale (locale_id, plural_form_id) values (193, 5);
insert into plural_form_for_locale (locale_id, plural_form_id) values (197, 5);
insert into plural_form_for_locale (locale_id, plural_form_id) values (201, 5);
insert into plural_form_for_locale (locale_id, plural_form_id) values (205, 5);
insert into plural_form_for_locale (locale_id, plural_form_id) values (209, 5);
insert into plural_form_for_locale (locale_id, plural_form_id) values (213, 5);
insert into plural_form_for_locale (locale_id, plural_form_id) values (217, 5);
insert into plural_form_for_locale (locale_id, plural_form_id) values (221, 5);
insert into plural_form_for_locale (locale_id, plural_form_id) values (225, 5);
insert into plural_form_for_locale (locale_id, plural_form_id) values (237, 5);
insert into plural_form_for_locale (locale_id, plural_form_id) values (241, 5);
insert into plural_form_for_locale (locale_id, plural_form_id) values (245, 5);
insert into plural_form_for_locale (locale_id, plural_form_id) values (249, 5);
insert into plural_form_for_locale (locale_id, plural_form_id) values (253, 5);
insert into plural_form_for_locale (locale_id, plural_form_id) values (261, 5);
insert into plural_form_for_locale (locale_id, plural_form_id) values (265, 5);
insert into plural_form_for_locale (locale_id, plural_form_id) values (273, 5);
insert into plural_form_for_locale (locale_id, plural_form_id) values (277, 5);
insert into plural_form_for_locale (locale_id, plural_form_id) values (281, 5);
insert into plural_form_for_locale (locale_id, plural_form_id) values (285, 5);
insert into plural_form_for_locale (locale_id, plural_form_id) values (297, 5);
insert into plural_form_for_locale (locale_id, plural_form_id) values (305, 5);
insert into plural_form_for_locale (locale_id, plural_form_id) values (313, 5);
insert into plural_form_for_locale (locale_id, plural_form_id) values (317, 5);
insert into plural_form_for_locale (locale_id, plural_form_id) values (321, 5);
insert into plural_form_for_locale (locale_id, plural_form_id) values (325, 5);
insert into plural_form_for_locale (locale_id, plural_form_id) values (329, 5);
insert into plural_form_for_locale (locale_id, plural_form_id) values (333, 5);
insert into plural_form_for_locale (locale_id, plural_form_id) values (337, 5);
insert into plural_form_for_locale (locale_id, plural_form_id) values (341, 5);
insert into plural_form_for_locale (locale_id, plural_form_id) values (345, 5);
insert into plural_form_for_locale (locale_id, plural_form_id) values (349, 5);
insert into plural_form_for_locale (locale_id, plural_form_id) values (353, 5);
insert into plural_form_for_locale (locale_id, plural_form_id) values (357, 5);
insert into plural_form_for_locale (locale_id, plural_form_id) values (361, 5);
insert into plural_form_for_locale (locale_id, plural_form_id) values (365, 5);
insert into plural_form_for_locale (locale_id, plural_form_id) values (369, 5);
insert into plural_form_for_locale (locale_id, plural_form_id) values (381, 5);
insert into plural_form_for_locale (locale_id, plural_form_id) values (385, 5);
insert into plural_form_for_locale (locale_id, plural_form_id) values (389, 5);
insert into plural_form_for_locale (locale_id, plural_form_id) values (393, 5);
insert into plural_form_for_locale (locale_id, plural_form_id) values (397, 5);
insert into plural_form_for_locale (locale_id, plural_form_id) values (401, 5);
insert into plural_form_for_locale (locale_id, plural_form_id) values (405, 5);
insert into plural_form_for_locale (locale_id, plural_form_id) values (409, 5);
insert into plural_form_for_locale (locale_id, plural_form_id) values (413, 5);
insert into plural_form_for_locale (locale_id, plural_form_id) values (417, 5);
insert into plural_form_for_locale (locale_id, plural_form_id) values (421, 5);
insert into plural_form_for_locale (locale_id, plural_form_id) values (425, 5);
insert into plural_form_for_locale (locale_id, plural_form_id) values (429, 5);
insert into plural_form_for_locale (locale_id, plural_form_id) values (433, 5);
insert into plural_form_for_locale (locale_id, plural_form_id) values (441, 5);
insert into plural_form_for_locale (locale_id, plural_form_id) values (445, 5);
insert into plural_form_for_locale (locale_id, plural_form_id) values (453, 5);
insert into plural_form_for_locale (locale_id, plural_form_id) values (461, 5);
insert into plural_form_for_locale (locale_id, plural_form_id) values (465, 5);
insert into plural_form_for_locale (locale_id, plural_form_id) values (469, 5);
insert into plural_form_for_locale (locale_id, plural_form_id) values (473, 5);
insert into plural_form_for_locale (locale_id, plural_form_id) values (477, 5);
insert into plural_form_for_locale (locale_id, plural_form_id) values (481, 5);
insert into plural_form_for_locale (locale_id, plural_form_id) values (485, 5);
insert into plural_form_for_locale (locale_id, plural_form_id) values (489, 5);
insert into plural_form_for_locale (locale_id, plural_form_id) values (493, 5);
insert into plural_form_for_locale (locale_id, plural_form_id) values (497, 5);
insert into plural_form_for_locale (locale_id, plural_form_id) values (501, 5);
insert into plural_form_for_locale (locale_id, plural_form_id) values (505, 5);
insert into plural_form_for_locale (locale_id, plural_form_id) values (509, 5);
insert into plural_form_for_locale (locale_id, plural_form_id) values (521, 5);
insert into plural_form_for_locale (locale_id, plural_form_id) values (525, 5);
insert into plural_form_for_locale (locale_id, plural_form_id) values (529, 5);
insert into plural_form_for_locale (locale_id, plural_form_id) values (537, 5);
insert into plural_form_for_locale (locale_id, plural_form_id) values (541, 5);
insert into plural_form_for_locale (locale_id, plural_form_id) values (545, 5);
insert into plural_form_for_locale (locale_id, plural_form_id) values (549, 5);
insert into plural_form_for_locale (locale_id, plural_form_id) values (553, 5);
insert into plural_form_for_locale (locale_id, plural_form_id) values (557, 5);
insert into plural_form_for_locale (locale_id, plural_form_id) values (561, 5);
insert into plural_form_for_locale (locale_id, plural_form_id) values (565, 5);
insert into plural_form_for_locale (locale_id, plural_form_id) values (569, 5);
insert into plural_form_for_locale (locale_id, plural_form_id) values (573, 5);
insert into plural_form_for_locale (locale_id, plural_form_id) values (577, 5);
insert into plural_form_for_locale (locale_id, plural_form_id) values (585, 5);
insert into plural_form_for_locale (locale_id, plural_form_id) values (593, 5);
insert into plural_form_for_locale (locale_id, plural_form_id) values (597, 5);
insert into plural_form_for_locale (locale_id, plural_form_id) values (601, 5);
insert into plural_form_for_locale (locale_id, plural_form_id) values (609, 5);
insert into plural_form_for_locale (locale_id, plural_form_id) values (617, 5);
insert into plural_form_for_locale (locale_id, plural_form_id) values (621, 5);
insert into plural_form_for_locale (locale_id, plural_form_id) values (625, 5);
insert into plural_form_for_locale (locale_id, plural_form_id) values (629, 5);
insert into plural_form_for_locale (locale_id, plural_form_id) values (633, 5);
insert into plural_form_for_locale (locale_id, plural_form_id) values (641, 5);
insert into plural_form_for_locale (locale_id, plural_form_id) values (645, 5);
insert into plural_form_for_locale (locale_id, plural_form_id) values (657, 5);
insert into plural_form_for_locale (locale_id, plural_form_id) values (669, 5);
insert into plural_form_for_locale (locale_id, plural_form_id) values (681, 5);
insert into plural_form_for_locale (locale_id, plural_form_id) values (685, 5);
insert into plural_form_for_locale (locale_id, plural_form_id) values (689, 5);
insert into plural_form_for_locale (locale_id, plural_form_id) values (693, 5);
insert into plural_form_for_locale (locale_id, plural_form_id) values (701, 5);
insert into plural_form_for_locale (locale_id, plural_form_id) values (709, 5);
insert into plural_form_for_locale (locale_id, plural_form_id) values (717, 5);
insert into plural_form_for_locale (locale_id, plural_form_id) values (721, 5);
insert into plural_form_for_locale (locale_id, plural_form_id) values (725, 5);
insert into plural_form_for_locale (locale_id, plural_form_id) values (729, 5);
insert into plural_form_for_locale (locale_id, plural_form_id) values (733, 5);
insert into plural_form_for_locale (locale_id, plural_form_id) values (737, 5);
insert into plural_form_for_locale (locale_id, plural_form_id) values (741, 5);
insert into plural_form_for_locale (locale_id, plural_form_id) values (749, 5);
insert into plural_form_for_locale (locale_id, plural_form_id) values (753, 5);
insert into plural_form_for_locale (locale_id, plural_form_id) values (757, 5);
insert into plural_form_for_locale (locale_id, plural_form_id) values (761, 5);
insert into plural_form_for_locale (locale_id, plural_form_id) values (765, 5);
insert into plural_form_for_locale (locale_id, plural_form_id) values (769, 5);
insert into plural_form_for_locale (locale_id, plural_form_id) values (777, 5);
insert into plural_form_for_locale (locale_id, plural_form_id) values (781, 5);
insert into plural_form_for_locale (locale_id, plural_form_id) values (785, 5);
insert into plural_form_for_locale (locale_id, plural_form_id) values (793, 5);
insert into plural_form_for_locale (locale_id, plural_form_id) values (161, 6);
insert into plural_form_for_locale (locale_id, plural_form_id) values (165, 6);
insert into plural_form_for_locale (locale_id, plural_form_id) values (169, 6);
insert into plural_form_for_locale (locale_id, plural_form_id) values (173, 6);
insert into plural_form_for_locale (locale_id, plural_form_id) values (177, 6);
insert into plural_form_for_locale (locale_id, plural_form_id) values (181, 6);
insert into plural_form_for_locale (locale_id, plural_form_id) values (185, 6);
insert into plural_form_for_locale (locale_id, plural_form_id) values (189, 6);
insert into plural_form_for_locale (locale_id, plural_form_id) values (193, 6);
insert into plural_form_for_locale (locale_id, plural_form_id) values (197, 6);
insert into plural_form_for_locale (locale_id, plural_form_id) values (201, 6);
insert into plural_form_for_locale (locale_id, plural_form_id) values (205, 6);
insert into plural_form_for_locale (locale_id, plural_form_id) values (209, 6);
insert into plural_form_for_locale (locale_id, plural_form_id) values (213, 6);
insert into plural_form_for_locale (locale_id, plural_form_id) values (217, 6);
insert into plural_form_for_locale (locale_id, plural_form_id) values (221, 6);
insert into plural_form_for_locale (locale_id, plural_form_id) values (253, 6);
insert into plural_form_for_locale (locale_id, plural_form_id) values (549, 6);
insert into plural_form_for_locale (locale_id, plural_form_id) values (801, 1);
insert into plural_form_for_locale (locale_id, plural_form_id) values (801, 5);
insert into plural_form_for_locale (locale_id, plural_form_id) values (797, 1);
insert into plural_form_for_locale (locale_id, plural_form_id) values (797, 5);
insert into plural_form_for_locale (locale_id, plural_form_id) values (802, 1);
insert into plural_form_for_locale (locale_id, plural_form_id) values (802, 5);
 